,Gender,FirstVisitAge,CIndU,Hematocrit_Max_acute,Hematocrit_Min_acute,Hematocrit_Avg_acute,Hematocrit_Max_preclinical,Hematocrit_Min_preclinical,Hematocrit_Avg_preclinical,LymphocytesPercentage_Max_acute,LymphocytesPercentage_Min_acute,LymphocytesPercentage_Avg_acute,LymphocytesPercentage_Max_preclinical,LymphocytesPercentage_Min_preclinical,LymphocytesPercentage_Avg_preclinical,NeutrophilsPercentage_Max_acute,NeutrophilsPercentage_Min_acute,NeutrophilsPercentage_Avg_acute,NeutrophilsPercentage_Max_preclinical,NeutrophilsPercentage_Min_preclinical,NeutrophilsPercentage_Avg_preclinical,MonocytesPercentage_Max_acute,MonocytesPercentage_Min_acute,MonocytesPercentage_Avg_acute,MonocytesPercentage_Max_preclinical,MonocytesPercentage_Min_preclinical,MonocytesPercentage_Avg_preclinical,MeanCorpuscularHemoglobinConcentration_Max_acute,MeanCorpuscularHemoglobinConcentration_Min_acute,MeanCorpuscularHemoglobinConcentration_Avg_acute,MeanCorpuscularHemoglobinConcentration_Max_preclinical,MeanCorpuscularHemoglobinConcentration_Min_preclinical,MeanCorpuscularHemoglobinConcentration_Avg_preclinical,PlateletCount_Max_acute,PlateletCount_Min_acute,PlateletCount_Avg_acute,PlateletCount_Max_preclinical,PlateletCount_Min_preclinical,PlateletCount_Avg_preclinical,WhiteBloodCellCount_Max_acute,WhiteBloodCellCount_Min_acute,WhiteBloodCellCount_Avg_acute,WhiteBloodCellCount_Max_preclinical,WhiteBloodCellCount_Min_preclinical,WhiteBloodCellCount_Avg_preclinical,MeanCorpuscularHemoglobin_Max_acute,MeanCorpuscularHemoglobin_Min_acute,MeanCorpuscularHemoglobin_Avg_acute,MeanCorpuscularHemoglobin_Max_preclinical,MeanCorpuscularHemoglobin_Min_preclinical,MeanCorpuscularHemoglobin_Avg_preclinical,MeanCorpuscularVolume_Max_acute,MeanCorpuscularVolume_Min_acute,MeanCorpuscularVolume_Avg_acute,MeanCorpuscularVolume_Max_preclinical,MeanCorpuscularVolume_Min_preclinical,MeanCorpuscularVolume_Avg_preclinical,RedBloodCellCount_Max_acute,RedBloodCellCount_Min_acute,RedBloodCellCount_Avg_acute,RedBloodCellCount_Max_preclinical,RedBloodCellCount_Min_preclinical,RedBloodCellCount_Avg_preclinical,Hemoglobin_Max_acute,Hemoglobin_Min_acute,Hemoglobin_Avg_acute,Hemoglobin_Max_preclinical,Hemoglobin_Min_preclinical,Hemoglobin_Avg_preclinical,EosinophilsPercentage_Max_acute,EosinophilsPercentage_Min_acute,EosinophilsPercentage_Avg_acute,EosinophilsPercentage_Max_preclinical,EosinophilsPercentage_Min_preclinical,EosinophilsPercentage_Avg_preclinical,BasophilsPercentage_Max_acute,BasophilsPercentage_Min_acute,BasophilsPercentage_Avg_acute,BasophilsPercentage_Max_preclinical,BasophilsPercentage_Min_preclinical,BasophilsPercentage_Avg_preclinical,AbsoluteNeutrophilCount_Max_acute,AbsoluteNeutrophilCount_Min_acute,AbsoluteNeutrophilCount_Avg_acute,AbsoluteNeutrophilCount_Max_preclinical,AbsoluteNeutrophilCount_Min_preclinical,AbsoluteNeutrophilCount_Avg_preclinical,AbsoluteMonocyteCount_Max_acute,AbsoluteMonocyteCount_Min_acute,AbsoluteMonocyteCount_Avg_acute,AbsoluteMonocyteCount_Max_preclinical,AbsoluteMonocyteCount_Min_preclinical,AbsoluteMonocyteCount_Avg_preclinical,AbsoluteEosinophilCount_Max_acute,AbsoluteEosinophilCount_Min_acute,AbsoluteEosinophilCount_Avg_acute,AbsoluteEosinophilCount_Max_preclinical,AbsoluteEosinophilCount_Min_preclinical,AbsoluteEosinophilCount_Avg_preclinical,AbsoluteBasophilCount_Max_acute,AbsoluteBasophilCount_Min_acute,AbsoluteBasophilCount_Avg_acute,AbsoluteBasophilCount_Max_preclinical,AbsoluteBasophilCount_Min_preclinical,AbsoluteBasophilCount_Avg_preclinical,AbsoluteLymphocyteCount_Max_acute,AbsoluteLymphocyteCount_Min_acute,AbsoluteLymphocyteCount_Avg_acute,AbsoluteLymphocyteCount_Max_preclinical,AbsoluteLymphocyteCount_Min_preclinical,AbsoluteLymphocyteCount_Avg_preclinical,MeanPlateletVolume_Max_acute,MeanPlateletVolume_Min_acute,MeanPlateletVolume_Avg_acute,MeanPlateletVolume_Max_preclinical,MeanPlateletVolume_Min_preclinical,MeanPlateletVolume_Avg_preclinical,PlateletDistributionWidth_Max_acute,PlateletDistributionWidth_Min_acute,PlateletDistributionWidth_Avg_acute,PlateletDistributionWidth_Max_preclinical,PlateletDistributionWidth_Min_preclinical,PlateletDistributionWidth_Avg_preclinical,Plateletcrit_Max_acute,Plateletcrit_Min_acute,Plateletcrit_Avg_acute,Plateletcrit_Max_preclinical,Plateletcrit_Min_preclinical,Plateletcrit_Avg_preclinical,RedCellDistributionWidth_Max_acute,RedCellDistributionWidth_Min_acute,RedCellDistributionWidth_Avg_acute,RedCellDistributionWidth_Max_preclinical,RedCellDistributionWidth_Min_preclinical,RedCellDistributionWidth_Avg_preclinical,RedCellDistributionWidthCV_Max_acute,RedCellDistributionWidthCV_Min_acute,RedCellDistributionWidthCV_Avg_acute,RedCellDistributionWidthCV_Max_preclinical,RedCellDistributionWidthCV_Min_preclinical,RedCellDistributionWidthCV_Avg_preclinical,EosinophilCountAbsolute_Max_acute,EosinophilCountAbsolute_Min_acute,EosinophilCountAbsolute_Avg_acute,EosinophilCountAbsolute_Max_preclinical,EosinophilCountAbsolute_Min_preclinical,EosinophilCountAbsolute_Avg_preclinical,CReactiveProtein_Max_acute,CReactiveProtein_Min_acute,CReactiveProtein_Avg_acute,CReactiveProtein_Max_preclinical,CReactiveProtein_Min_preclinical,CReactiveProtein_Avg_preclinical,ImmunoglobulinE_Max_acute,ImmunoglobulinE_Min_acute,ImmunoglobulinE_Avg_acute,ImmunoglobulinE_Max_preclinical,ImmunoglobulinE_Min_preclinical,ImmunoglobulinE_Avg_preclinical,Total25HydroxyVitaminD_Max_acute,Total25HydroxyVitaminD_Min_acute,Total25HydroxyVitaminD_Avg_acute,Total25HydroxyVitaminD_Max_preclinical,Total25HydroxyVitaminD_Min_preclinical,Total25HydroxyVitaminD_Avg_preclinical,ImmunoglobulinG_Max_acute,ImmunoglobulinG_Min_acute,ImmunoglobulinG_Avg_acute,ImmunoglobulinG_Max_preclinical,ImmunoglobulinG_Min_preclinical,ImmunoglobulinG_Avg_preclinical,ImmunoglobulinA_Max_acute,ImmunoglobulinA_Min_acute,ImmunoglobulinA_Avg_acute,ImmunoglobulinA_Max_preclinical,ImmunoglobulinA_Min_preclinical,ImmunoglobulinA_Avg_preclinical,ImmunoglobulinM_Max_acute,ImmunoglobulinM_Min_acute,ImmunoglobulinM_Avg_acute,ImmunoglobulinM_Max_preclinical,ImmunoglobulinM_Min_preclinical,ImmunoglobulinM_Avg_preclinical,ThyroglobulinAntibody_Max_acute,ThyroglobulinAntibody_Min_acute,ThyroglobulinAntibody_Avg_acute,ThyroidStimulatingHormone_Max_acute,ThyroidStimulatingHormone_Min_acute,ThyroidStimulatingHormone_Avg_acute,TotalTriiodothyronine_Max_acute,TotalTriiodothyronine_Min_acute,TotalTriiodothyronine_Avg_acute,TotalTriiodothyronine_Max_preclinical,TotalTriiodothyronine_Min_preclinical,TotalTriiodothyronine_Avg_preclinical,TotalThyroxine_Max_acute,TotalThyroxine_Min_acute,TotalThyroxine_Avg_acute,TotalThyroxine_Max_preclinical,TotalThyroxine_Min_preclinical,TotalThyroxine_Avg_preclinical,FreeTriiodothyronine_Max_acute,FreeTriiodothyronine_Min_acute,FreeTriiodothyronine_Avg_acute,FreeTriiodothyronine_Max_preclinical,FreeTriiodothyronine_Min_preclinical,FreeTriiodothyronine_Avg_preclinical,FreeThyroxine_Max_acute,FreeThyroxine_Min_acute,FreeThyroxine_Avg_acute,FreeThyroxine_Max_preclinical,FreeThyroxine_Min_preclinical,FreeThyroxine_Avg_preclinical,ReverseTriiodothyronine_Max_acute,ReverseTriiodothyronine_Min_acute,ReverseTriiodothyronine_Avg_acute,ANA1to40_Max_acute,ANA1to40_Min_acute,ANA1to40_Avg_acute,ANA1to40_Max_preclinical,ANA1to40_Min_preclinical,ANA1to40_Avg_preclinical,ANA1to80_Max_acute,ANA1to80_Min_acute,ANA1to80_Avg_acute,ANA1to80_Max_preclinical,ANA1to80_Min_preclinical,ANA1to80_Avg_preclinical,ANANuclearPattern_Max_acute,ANANuclearPattern_Min_acute,ANANuclearPattern_Avg_acute,ANANuclearPattern_Max_preclinical,ANANuclearPattern_Min_preclinical,ANANuclearPattern_Avg_preclinical,SMRNP_Max_acute,SMRNP_Min_acute,SMRNP_Avg_acute,SMRNP_Max_preclinical,SMRNP_Min_preclinical,SMRNP_Avg_preclinical,AntiScl70_Max_acute,AntiScl70_Min_acute,AntiScl70_Avg_acute,AntiScl70_Max_preclinical,AntiScl70_Min_preclinical,AntiScl70_Avg_preclinical,AntiSSA_Max_acute,AntiSSA_Min_acute,AntiSSA_Avg_acute,AntiSSA_Max_preclinical,AntiSSA_Min_preclinical,AntiSSA_Avg_preclinical,AntiSSB_Max_acute,AntiSSB_Min_acute,AntiSSB_Avg_acute,AntiSSB_Max_preclinical,AntiSSB_Min_preclinical,AntiSSB_Avg_preclinical,AntiJo1_Max_acute,AntiJo1_Min_acute,AntiJo1_Avg_acute,AntiJo1_Max_preclinical,AntiJo1_Min_preclinical,AntiJo1_Avg_preclinical,AntiDoubleStrandedDNA_Max_acute,AntiDoubleStrandedDNA_Min_acute,AntiDoubleStrandedDNA_Avg_acute,AntiDoubleStrandedDNA_Max_preclinical,AntiDoubleStrandedDNA_Min_preclinical,AntiDoubleStrandedDNA_Avg_preclinical,AntiSM_Max_acute,AntiSM_Min_acute,AntiSM_Avg_acute,AntiSM_Max_preclinical,AntiSM_Min_preclinical,AntiSM_Avg_preclinical,Nucleosome_Max_acute,Nucleosome_Min_acute,Nucleosome_Avg_acute,Nucleosome_Max_preclinical,Nucleosome_Min_preclinical,Nucleosome_Avg_preclinical,AntiM2_Max_acute,AntiM2_Min_acute,AntiM2_Avg_acute,AntiM2_Max_preclinical,AntiM2_Min_preclinical,AntiM2_Avg_preclinical,ProliferatingCellNuclearAntigen_Max_acute,ProliferatingCellNuclearAntigen_Min_acute,ProliferatingCellNuclearAntigen_Avg_acute,ProliferatingCellNuclearAntigen_Max_preclinical,ProliferatingCellNuclearAntigen_Min_preclinical,ProliferatingCellNuclearAntigen_Avg_preclinical,RibosomalPProtein_Max_acute,RibosomalPProtein_Min_acute,RibosomalPProtein_Avg_acute,RibosomalPProtein_Max_preclinical,RibosomalPProtein_Min_preclinical,RibosomalPProtein_Avg_preclinical,PMScl_Max_acute,PMScl_Min_acute,PMScl_Avg_acute,PMScl_Max_preclinical,PMScl_Min_preclinical,PMScl_Avg_preclinical,Histone_Max_acute,Histone_Min_acute,Histone_Avg_acute,Histone_Max_preclinical,Histone_Min_preclinical,Histone_Avg_preclinical,CentromereProteinB_Max_acute,CentromereProteinB_Min_acute,CentromereProteinB_Avg_acute,CentromereProteinB_Max_preclinical,CentromereProteinB_Min_preclinical,CentromereProteinB_Avg_preclinical,Ro52_Max_acute,Ro52_Min_acute,Ro52_Avg_acute,Ro52_Max_preclinical,Ro52_Min_preclinical,Ro52_Avg_preclinical,ThrombinTime_Max_acute,ThrombinTime_Min_acute,ThrombinTime_Avg_acute,ThrombinTime_Max_preclinical,ThrombinTime_Min_preclinical,ThrombinTime_Avg_preclinical,PartialThromboplastinTime_Max_acute,PartialThromboplastinTime_Min_acute,PartialThromboplastinTime_Avg_acute,PartialThromboplastinTime_Max_preclinical,PartialThromboplastinTime_Min_preclinical,PartialThromboplastinTime_Avg_preclinical,ProthrombinTime_Max_acute,ProthrombinTime_Min_acute,ProthrombinTime_Avg_acute,ProthrombinTime_Max_preclinical,ProthrombinTime_Min_preclinical,ProthrombinTime_Avg_preclinical,ProthrombinTimeINR_Max_acute,ProthrombinTimeINR_Min_acute,ProthrombinTimeINR_Avg_acute,ProthrombinTimeINR_Max_preclinical,ProthrombinTimeINR_Min_preclinical,ProthrombinTimeINR_Avg_preclinical,UrinepH_Max_acute,UrinepH_Min_acute,UrinepH_Avg_acute,UrinepH_Max_preclinical,UrinepH_Min_preclinical,UrinepH_Avg_preclinical,UrineGlucose_Max_acute,UrineGlucose_Min_acute,UrineGlucose_Avg_acute,UrineProtein_Max_acute,UrineProtein_Min_acute,UrineProtein_Avg_acute,UrineProtein_Max_preclinical,UrineProtein_Avg_preclinical,UrineSpecificGravity_Max_acute,UrineSpecificGravity_Min_acute,UrineSpecificGravity_Avg_acute,UrineSpecificGravity_Max_preclinical,UrineSpecificGravity_Min_preclinical,UrineSpecificGravity_Avg_preclinical,Urobilin_Max_acute,Urobilin_Min_acute,Urobilin_Avg_acute,Urobilin_Max_preclinical,Urobilin_Min_preclinical,Urobilin_Avg_preclinical,RedBloodCellsMicroscopic_Max_acute,RedBloodCellsMicroscopic_Min_acute,RedBloodCellsMicroscopic_Avg_acute,RedBloodCellsMicroscopic_Max_preclinical,RedBloodCellsMicroscopic_Min_preclinical,RedBloodCellsMicroscopic_Avg_preclinical,UrineKetones_Max_acute,UrineKetones_Min_acute,UrineKetones_Avg_acute,UrineKetones_Max_preclinical,UrineKetones_Min_preclinical,UrineKetones_Avg_preclinical,UrineNitrites_Max_preclinical,UrineNitrites_Min_preclinical,UrineNitrites_Avg_preclinical,WhiteBloodCellsMicroscopic_Max_acute,WhiteBloodCellsMicroscopic_Min_acute,WhiteBloodCellsMicroscopic_Avg_acute,WhiteBloodCellsMicroscopic_Max_preclinical,WhiteBloodCellsMicroscopic_Min_preclinical,WhiteBloodCellsMicroscopic_Avg_preclinical,Milk_Max_acute,Milk_Min_acute,Milk_Avg_acute,Milk_Max_preclinical,Milk_Min_preclinical,Milk_Avg_preclinical,Cockroach_Max_acute,Cockroach_Min_acute,Cockroach_Avg_acute,Cockroach_Max_preclinical,Cockroach_Min_preclinical,Cockroach_Avg_preclinical,EggWhite_Max_acute,EggWhite_Min_acute,EggWhite_Avg_acute,EggWhite_Max_preclinical,EggWhite_Min_preclinical,EggWhite_Avg_preclinical,CatDander_Max_acute,CatDander_Min_acute,CatDander_Avg_acute,CatDander_Max_preclinical,CatDander_Min_preclinical,CatDander_Avg_preclinical,DogDander_Max_acute,DogDander_Min_acute,DogDander_Avg_acute,DogDander_Max_preclinical,DogDander_Min_preclinical,DogDander_Avg_preclinical,Ragweed_Max_acute,Ragweed_Min_acute,Ragweed_Avg_acute,Ragweed_Max_preclinical,Ragweed_Min_preclinical,Ragweed_Avg_preclinical,RyeGrass_Max_acute,RyeGrass_Min_acute,RyeGrass_Avg_acute,RyeGrass_Max_preclinical,RyeGrass_Min_preclinical,RyeGrass_Avg_preclinical,Shrimp_Max_preclinical,Shrimp_Min_preclinical,Shrimp_Avg_preclinical,Peanut_Max_acute,Peanut_Min_acute,Peanut_Avg_acute,Cashew_Max_acute,Cashew_Min_acute,Cashew_Avg_acute,HouseDust_Max_preclinical,HouseDust_Min_preclinical,HouseDust_Avg_preclinical,DustMites_Max_acute,DustMites_Min_acute,DustMites_Avg_acute,DustMites_Max_preclinical,DustMites_Min_preclinical,DustMites_Avg_preclinical,LobsterScallop_Max_preclinical,LobsterScallop_Min_preclinical,LobsterScallop_Avg_preclinical,Shellfish_Max_preclinical,Shellfish_Min_preclinical,Shellfish_Avg_preclinical,MoldCombination_Max_acute,MoldCombination_Min_acute,MoldCombination_Avg_acute,Mulberry_Max_acute,Mulberry_Min_acute,Mulberry_Avg_acute,Crab_Max_acute,Crab_Min_acute,Crab_Avg_acute,Crab_Max_preclinical,Crab_Min_preclinical,Crab_Avg_preclinical,MixedGrasses_Max_acute,MixedGrasses_Min_acute,MixedGrasses_Avg_acute,MixedGrasses_Max_preclinical,MixedGrasses_Min_preclinical,MixedGrasses_Avg_preclinical,Mugwort_Max_acute,Mugwort_Min_acute,Mugwort_Avg_acute,Salmon_Max_preclinical,Salmon_Min_preclinical,Salmon_Avg_preclinical
6,1,1,1,1,1,1,1,1,1,1,1,1,1,1,1,1,1,1,1,1,1,1,1,1,1,1,1,1,1,1,1,1,1,1,1,1,1,1,1,1,1,1,1,1,1,1,1,1,1,1,1,1,1,1,1,1,1,1,1,1,1,1,1,1,1,1,1,1,1,1,1,1,1,1,1,1,1,1,1,1,1,1,1,1,1,1,1,1,1,1,1,1,1,1,1,1,1,1,1,1,1,1,1,1,1,1,1,1,1,1,1,1,1,1,1,1,1,1,1,1,1,1,1,1,1,1,1,1,1,1,1,1,1,1,1,1,2,2,1,1,1,2,2,2,1,1,1,1,1,1,1,1,1,2,2,2,41,79,49,9,3,64,78,131,143,2,2,14,152,152,152,19,2,34,76,116,164,1,2,2,75,67,85,2,2,47,1,1,2,6,2,2,74,14,109,3,2,19,43,89,53,2,2,2,34,40,73,2,2,2,58,66,138,2,2,28,2,2,26,57,117,107,80,145,99,37,102,105,94,112,145,209,209,209,1,1,1,65,97,145,1,2,2,121,71,138,1,2,2,92,108,93,1,3,2,209,164,164,6,2,2,113,125,88,6,19,36,140,209,164,2,2,2,77,135,119,9,2,2,209,114,164,2,19,24,209,121,209,1,2,2,133,164,152,2,2,2,124,147,83,2,2,2,209,209,209,2,24,31,132,209,209,1,2,2,134,209,209,14,9,24,164,152,209,94,104,67,1,2,2,141,127,136,1,2,19,83,121,142,2,1,2,115,125,164,1,1,1,42,97,60,1,1,2,209,209,209,209,164,164,101,99,50,32,26,1,1,1,209,209,209,152,209,138,53,55,81,60,209,43,209,209,209,111,209,209,209,209,209,91,110,130,2,1,2,2,14,2,152,86,123,47,30,72,117,50,89,62,19,53,164,164,209,28,47,63,129,164,164,45,55,34,81,102,97,14,38,38,128,106,152,69,59,69,164,86,152,209,209,209,209,209,209,209,209,209,209,209,209,2,1,9,1,1,2,209,209,209,209,209,209,209,209,209,209,209,209,209,209,209,209,209,209,209,209,209,209,209,209,209,209,209,209,209,209
11,1,1,1,1,1,1,1,1,1,1,1,1,1,1,1,1,1,1,1,1,1,1,1,1,1,1,1,1,1,1,1,1,1,1,1,1,1,1,1,1,1,1,1,1,1,1,1,1,1,1,1,1,1,1,1,1,1,1,1,1,1,1,1,1,1,1,1,1,1,1,1,1,1,1,1,1,1,1,1,1,1,1,1,1,1,1,1,1,1,1,1,1,1,1,1,1,1,1,1,1,1,1,1,1,1,1,1,1,1,1,1,1,1,1,1,1,1,1,1,1,1,1,1,1,1,1,1,1,1,1,1,1,1,1,1,1,2,1,1,2,2,1,1,1,1,1,1,1,1,1,1,1,1,1,2,2,84,18,64,10,2,2,91,130,130,1,2,2,154,137,144,2,2,26,69,119,101,1,2,2,130,39,88,21,18,35,1,2,2,2,3,2,83,2,61,2,23,10,2,37,52,2,5,2,33,95,57,1,2,2,57,43,81,2,2,5,1,2,2,53,47,76,94,154,111,78,47,111,79,65,159,200,200,200,1,2,2,85,137,97,2,18,2,108,93,55,1,2,2,43,137,98,2,2,2,125,200,144,2,2,18,144,31,110,10,60,23,200,200,200,2,14,10,67,124,104,2,2,2,144,200,50,2,2,51,154,200,200,1,1,2,99,200,144,2,2,2,130,55,130,2,2,2,200,200,200,2,18,5,200,200,200,1,1,2,144,200,200,2,10,28,148,96,200,108,65,154,1,1,2,91,106,130,2,2,2,123,137,118,1,2,2,102,122,137,2,1,1,59,70,74,1,1,2,200,200,200,154,154,200,130,144,14,35,35,2,1,1,200,200,200,120,200,113,63,121,115,45,154,80,200,200,154,200,200,200,200,200,200,72,89,116,2,2,32,2,2,2,148,43,72,23,28,39,47,117,74,2,28,41,200,200,200,77,47,86,130,104,200,10,23,37,89,87,106,67,10,28,102,99,130,61,54,72,81,113,154,200,200,200,200,200,200,137,200,200,200,200,200,2,2,2,1,1,2,200,200,200,200,200,200,200,200,200,200,200,200,200,200,200,200,200,200,200,200,200,200,200,200,200,200,200,200,200,200
1,1,1,1,1,1,1,1,1,1,1,1,1,1,1,1,1,1,1,1,1,1,1,1,1,1,1,1,1,1,1,1,1,1,1,1,1,1,1,1,1,1,1,1,1,1,1,1,2,1,1,1,1,1,1,1,1,1,1,1,1,1,1,1,1,1,1,1,1,1,1,1,1,1,1,1,1,1,1,1,1,1,1,1,1,1,1,1,1,1,1,1,1,1,1,1,1,1,1,1,1,1,1,1,1,1,1,1,1,1,1,1,1,1,1,1,1,1,1,1,1,1,1,1,1,1,1,1,1,1,1,1,1,1,1,1,1,2,2,2,1,1,1,1,1,1,1,1,1,1,1,1,1,1,2,2,2,42,60,88,9,2,26,105,92,134,2,2,2,100,98,137,2,31,22,104,132,123,1,2,2,44,89,202,15,22,96,1,2,2,2,2,18,61,2,71,2,2,2,39,37,49,2,15,2,34,41,81,2,2,15,119,49,61,2,2,26,2,2,3,46,44,79,58,127,80,47,107,91,57,66,101,202,202,202,1,1,1,133,154,154,2,2,2,90,85,202,1,2,2,113,69,154,1,2,2,202,202,202,2,15,26,107,76,103,9,2,31,115,115,202,2,28,18,78,83,145,2,2,2,154,145,202,2,4,31,115,202,202,1,1,2,123,134,154,2,2,2,97,145,139,2,2,2,202,202,202,6,2,64,139,202,202,2,2,2,154,202,202,2,2,2,202,154,202,107,56,136,1,2,2,117,131,129,2,2,4,83,145,202,2,1,2,121,102,94,1,1,1,59,123,63,1,1,1,202,202,202,202,202,202,94,130,2,40,9,1,1,1,202,202,202,111,154,154,118,73,120,49,202,82,202,202,202,202,202,202,202,202,202,141,74,107,2,1,2,22,9,15,76,87,99,22,54,36,67,68,111,9,22,34,202,202,154,53,86,51,141,139,110,9,34,51,55,70,123,28,37,44,145,126,145,72,74,64,128,93,154,202,202,202,202,202,202,202,202,202,202,202,202,2,2,2,1,1,2,202,202,202,202,202,202,202,202,202,202,202,202,202,202,202,202,202,202,202,202,202,202,202,202,202,202,202,202,202,202
9,1,1,1,1,1,1,1,1,1,1,1,1,1,1,1,1,1,1,1,1,1,1,1,1,1,1,1,1,1,1,1,1,1,1,1,1,1,1,1,1,1,1,1,1,1,1,1,1,1,1,1,1,1,1,1,1,1,1,1,1,1,1,1,1,1,1,1,1,1,1,1,1,1,1,1,1,1,1,1,1,1,1,1,1,1,1,1,1,1,1,1,1,1,1,1,1,1,1,1,1,1,1,1,1,1,1,1,1,1,1,1,1,1,1,1,1,1,1,1,1,1,1,1,1,1,1,1,1,1,1,1,1,1,1,1,1,2,2,1,1,1,1,1,1,1,1,1,1,1,1,1,1,1,2,1,2,2,87,95,2,2,4,120,89,137,2,2,2,204,204,143,2,8,45,86,123,105,2,2,2,78,135,102,19,15,48,1,2,1,2,11,2,46,2,68,2,2,22,39,8,123,2,2,19,204,2,98,2,11,4,80,22,140,2,2,2,1,2,3,52,40,70,90,72,129,82,59,98,50,163,204,204,204,204,1,2,2,32,82,106,2,2,6,158,63,115,1,2,2,46,127,72,2,2,2,204,204,204,2,2,6,87,84,100,11,25,70,158,204,204,28,52,25,55,42,134,2,2,2,137,152,107,2,25,55,204,110,204,1,1,1,110,112,143,2,2,2,149,141,52,1,2,37,204,204,204,15,2,19,158,204,158,1,1,1,158,204,204,2,15,25,204,112,204,102,44,68,1,2,1,92,129,128,2,2,2,119,147,139,2,2,2,149,126,115,1,1,1,85,118,61,1,2,2,204,204,204,143,158,204,104,125,19,37,49,2,1,1,204,204,204,132,158,204,2,133,68,55,152,63,158,204,204,204,204,204,204,204,204,96,96,136,2,1,2,2,13,32,158,78,76,58,37,32,65,59,101,66,35,40,204,147,204,28,75,115,107,152,110,42,32,94,55,74,117,15,32,78,122,120,143,80,63,91,147,131,93,204,204,204,204,204,204,204,204,204,204,204,204,2,2,2,1,1,2,204,204,204,204,204,204,204,204,204,204,204,204,204,204,204,204,204,204,204,204,204,204,204,204,204,204,204,204,204,204
5,1,1,1,1,1,1,1,1,1,1,1,1,1,1,1,1,1,1,1,1,1,1,1,1,1,1,1,1,1,1,1,1,1,1,1,1,1,1,1,1,1,1,1,1,1,1,1,1,1,1,1,1,1,1,1,1,1,1,1,1,1,1,1,1,1,1,1,1,1,1,1,1,1,1,1,1,1,1,1,1,1,1,1,1,1,1,1,1,1,1,1,1,1,1,1,1,1,1,1,1,1,1,1,1,1,1,1,1,1,1,1,1,1,1,1,1,1,1,1,1,1,1,1,1,1,1,1,1,1,1,1,1,1,1,1,1,2,2,1,1,1,1,1,1,1,1,1,1,1,1,1,1,1,2,2,2,11,45,22,2,13,50,96,68,123,2,2,2,133,114,140,2,2,56,66,107,106,1,2,2,61,91,109,2,2,2,1,1,2,2,2,16,35,2,59,2,6,2,9,27,69,6,2,9,25,25,35,2,2,2,40,23,123,2,2,2,2,2,13,29,86,54,88,42,93,59,90,112,115,62,98,195,195,195,1,1,2,86,41,43,2,2,2,133,140,105,1,2,2,72,140,127,2,1,2,195,195,195,2,2,2,40,89,35,2,2,16,133,149,149,3,16,19,64,101,127,2,2,2,149,80,68,2,2,3,195,195,149,1,1,2,111,120,149,2,2,2,195,140,140,1,2,20,195,195,195,2,2,2,195,195,133,1,1,2,140,149,149,2,2,9,195,121,84,27,71,81,1,2,1,99,50,117,2,2,2,100,94,116,1,1,2,118,108,133,1,1,1,22,78,33,1,1,1,195,195,195,149,195,195,149,149,6,16,2,1,1,1,195,195,195,195,195,195,74,88,123,63,127,75,195,127,195,98,195,195,195,195,195,79,102,113,2,1,2,2,2,6,110,38,38,30,56,28,96,77,119,65,73,83,149,195,133,19,48,92,133,195,149,44,51,70,31,83,53,32,46,56,104,77,133,53,48,61,195,103,155,195,195,195,195,195,195,195,195,195,195,195,195,1,1,2,1,1,2,195,195,195,195,195,195,195,195,195,195,195,195,195,195,195,195,195,195,195,195,195,195,195,195,195,195,195,195,195,195
8,1,1,1,1,1,1,1,1,1,1,1,1,1,1,1,1,1,1,1,1,1,1,1,1,1,1,1,1,1,1,1,1,1,1,1,1,1,1,1,1,1,1,1,1,1,1,1,1,1,1,1,1,1,1,1,1,1,1,1,1,1,1,1,1,1,1,1,1,1,1,1,1,1,1,1,1,1,1,1,1,1,1,1,1,1,1,1,1,1,1,1,1,1,1,1,1,1,1,1,1,1,1,1,1,1,1,1,1,1,1,1,1,1,1,1,1,1,1,1,1,1,1,1,1,1,1,1,1,1,1,1,1,1,1,1,1,2,2,1,1,2,1,1,2,1,1,1,1,1,1,1,1,1,1,2,2,4,63,45,6,2,16,63,95,45,1,2,2,191,126,98,2,9,34,87,58,70,2,2,2,83,61,68,28,25,70,1,2,1,2,9,9,86,2,42,2,2,4,2,21,9,2,2,2,2,31,40,2,2,2,110,34,52,1,2,2,2,2,2,28,80,51,191,69,111,23,74,28,126,143,93,191,191,191,1,1,2,28,62,143,1,1,16,109,72,126,1,1,2,31,126,126,1,2,2,105,191,191,2,2,2,80,84,101,2,16,16,126,143,143,2,2,2,106,126,88,2,2,2,94,191,126,2,2,16,191,191,98,1,1,1,116,143,76,1,1,2,126,126,108,2,1,3,191,191,191,2,2,2,143,143,191,1,2,2,143,191,191,2,36,2,80,143,191,84,54,91,1,1,2,42,98,80,1,2,2,114,115,126,1,1,1,113,151,112,1,1,1,49,59,28,1,1,1,191,191,191,126,191,191,72,126,9,16,21,1,1,1,191,191,191,191,191,143,42,102,50,90,143,2,191,191,191,88,191,191,191,191,191,126,78,191,2,2,1,2,9,2,143,45,100,23,45,57,38,126,95,1,2,2,191,143,143,36,65,34,126,126,143,56,21,16,54,54,107,48,59,66,103,92,126,38,74,67,126,77,104,191,191,191,191,191,191,191,191,191,191,191,191,1,2,1,1,1,1,191,191,191,191,191,191,191,191,191,191,191,191,191,191,191,191,191,191,191,191,191,191,191,191,191,191,191,191,191,191
2,1,1,1,1,1,1,1,1,1,1,1,1,1,1,1,1,1,1,1,1,1,1,1,1,1,1,1,1,1,1,1,1,1,1,1,1,1,1,1,1,1,1,1,1,1,1,1,1,1,1,1,1,1,1,1,1,1,1,1,1,1,1,1,1,1,1,1,1,1,1,1,1,1,1,1,1,1,1,1,1,1,1,1,1,1,1,1,1,1,1,1,1,1,1,1,1,1,1,1,1,1,1,1,1,1,1,1,1,1,1,1,1,1,1,1,1,1,1,1,1,1,1,1,1,1,1,1,1,1,1,1,1,1,1,1,1,2,2,1,1,1,1,1,1,1,1,1,1,1,1,1,1,1,1,1,2,49,37,84,2,2,2,80,106,123,2,1,2,62,189,140,2,14,30,67,121,91,1,1,1,71,119,189,2,2,65,2,1,2,2,2,18,39,2,46,2,2,2,26,105,33,2,2,2,30,42,96,2,2,2,52,57,113,2,2,2,2,2,2,30,41,64,63,111,140,47,93,120,44,189,78,189,189,189,1,1,1,54,107,82,1,2,18,189,189,111,2,1,2,86,127,50,1,2,2,189,189,189,2,2,10,93,18,74,2,7,7,189,189,189,2,2,2,100,59,74,2,2,2,189,133,140,2,2,2,111,140,189,1,1,1,98,102,116,1,1,2,133,133,189,1,2,1,189,189,189,2,3,12,189,108,189,1,1,2,91,189,189,2,5,12,189,114,140,66,70,50,1,2,2,74,81,130,2,2,22,77,104,126,1,1,2,118,125,189,1,1,1,30,85,53,1,1,1,189,189,189,189,140,189,91,108,26,61,18,1,1,1,189,189,189,116,189,189,67,95,74,42,189,44,189,189,189,189,189,114,189,189,189,88,101,97,2,2,10,2,18,34,130,72,34,18,4,26,40,69,124,14,10,26,140,189,189,36,59,55,89,140,189,2,26,86,78,98,37,23,7,48,122,127,140,55,59,82,130,103,133,189,189,189,189,189,189,189,189,189,189,189,189,2,2,2,1,1,1,189,189,189,189,189,189,189,189,189,189,189,189,189,189,189,189,189,189,189,189,189,189,189,189,189,189,189,189,189,189
3,1,1,1,1,1,1,1,1,1,1,1,1,1,1,1,1,1,1,1,1,1,1,1,1,1,1,1,1,1,1,1,1,1,1,1,1,1,1,1,1,1,1,1,1,1,1,1,1,1,1,1,1,1,1,1,1,1,1,1,1,1,1,1,1,1,1,1,1,1,1,1,1,1,1,1,1,1,1,1,1,1,1,1,1,1,1,1,1,1,1,1,1,1,1,1,1,1,1,1,1,1,1,1,1,1,1,1,1,1,1,1,1,1,1,1,1,1,1,1,1,1,1,1,1,1,1,1,1,1,1,1,1,1,1,1,1,1,2,1,1,1,1,1,1,1,1,1,1,1,1,1,1,1,2,2,1,26,45,61,2,5,10,98,110,128,1,2,20,132,161,161,3,36,30,85,102,75,2,1,2,108,94,141,2,15,64,1,1,2,2,2,65,81,2,70,2,2,2,63,81,41,2,2,15,33,43,129,2,2,10,33,61,134,1,2,2,2,15,36,57,84,52,148,93,121,41,123,49,121,161,206,206,206,206,1,1,2,39,50,68,1,2,5,131,92,141,1,2,1,55,141,117,1,2,2,161,206,206,1,2,7,123,96,114,5,7,33,161,161,148,2,15,2,151,130,125,2,2,2,141,74,97,2,2,24,206,133,114,1,1,1,103,137,161,2,2,2,99,106,141,1,1,2,206,206,206,1,2,2,148,114,161,1,1,2,161,161,206,2,2,2,141,206,161,47,91,71,1,2,1,101,89,161,2,2,26,88,100,152,1,1,1,108,145,95,1,1,1,47,86,51,1,1,2,206,206,206,135,206,161,73,79,24,30,36,1,1,1,206,206,206,66,206,117,45,86,90,55,206,59,206,206,206,161,206,206,206,206,206,127,69,138,2,1,2,2,2,20,121,55,112,15,28,81,52,41,72,10,24,44,206,161,161,77,38,66,136,148,148,20,30,77,111,116,103,2,10,20,119,107,126,59,58,83,105,75,161,206,206,206,206,206,206,206,206,206,206,206,206,2,2,15,1,1,1,206,206,206,206,206,206,206,206,206,206,206,206,206,206,206,206,206,206,161,206,206,206,206,206,206,206,206,206,206,206
4,1,1,1,1,1,1,1,1,1,1,1,1,1,1,1,1,1,1,1,1,1,1,1,1,1,1,1,1,1,1,1,1,1,1,1,1,1,1,1,1,1,1,1,1,1,1,1,1,1,1,1,1,1,1,1,1,1,1,1,2,1,1,1,1,1,1,1,1,1,1,1,1,1,1,1,1,1,1,1,1,1,1,1,1,1,1,1,1,1,1,1,1,1,1,1,1,1,1,1,1,2,1,1,1,1,1,1,1,1,1,1,1,1,1,1,1,1,1,1,1,1,1,1,1,1,1,1,1,1,1,1,1,1,1,1,2,2,2,1,2,2,1,1,2,1,1,1,1,1,1,1,1,1,2,2,2,16,43,74,2,2,12,108,95,112,2,2,32,91,140,153,2,21,41,76,81,99,2,2,2,83,96,133,2,32,16,1,2,2,2,1,2,58,5,43,2,2,3,28,95,122,2,2,2,12,57,71,2,2,8,97,47,123,2,2,2,2,2,2,91,52,51,110,129,124,121,118,48,84,110,87,201,201,201,1,1,2,2,201,153,2,2,16,140,153,115,2,2,2,45,119,140,1,1,3,201,201,201,2,2,2,40,79,116,8,2,36,201,201,201,16,12,25,45,70,102,2,2,8,133,129,140,2,2,21,129,140,153,1,1,2,110,125,129,1,2,2,140,153,201,2,2,2,201,201,201,2,2,16,153,153,201,1,2,2,153,153,201,2,23,12,140,73,201,67,77,106,1,2,2,117,80,140,1,2,21,78,114,140,1,1,1,129,98,153,1,1,1,61,88,100,2,1,1,201,201,201,201,201,153,82,107,50,38,28,1,1,1,201,201,201,106,153,201,54,60,101,47,201,64,201,153,201,201,201,126,201,201,201,72,64,153,25,2,2,2,2,5,87,69,75,25,32,32,89,67,54,2,2,35,201,153,201,68,40,57,140,153,153,55,49,21,64,104,120,28,38,35,93,114,103,64,59,85,201,91,133,201,201,201,201,201,201,201,201,201,201,201,201,5,2,2,1,1,2,201,201,201,201,201,201,201,201,201,201,201,201,201,201,201,201,201,201,201,201,201,201,201,201,201,201,201,201,201,201
7,1,1,1,1,1,1,1,1,1,1,1,1,1,1,1,1,1,1,1,1,1,1,1,1,1,1,1,1,1,1,1,1,1,1,1,1,1,1,1,1,1,1,1,1,1,1,1,1,1,1,1,1,1,1,1,1,1,1,1,1,1,1,1,1,1,1,1,1,1,1,1,1,1,1,1,1,1,1,1,1,1,1,1,1,1,1,1,1,1,1,1,1,1,1,1,1,1,1,1,1,1,1,1,1,1,1,1,1,1,1,1,1,1,1,1,1,1,1,1,1,1,1,1,1,1,1,1,1,1,1,1,1,1,1,1,1,2,2,1,1,1,1,1,2,1,1,1,1,1,1,1,1,1,2,2,2,17,50,24,2,2,8,56,113,109,1,2,2,116,113,96,2,10,2,58,110,96,1,1,3,47,72,118,6,24,30,1,1,2,2,2,3,82,2,33,2,39,2,19,33,2,2,2,3,2,121,66,2,2,3,85,2,45,1,2,2,1,2,2,26,98,39,88,70,146,30,52,60,85,113,132,194,194,194,1,2,2,39,132,91,2,2,8,125,111,91,1,2,1,30,146,100,1,2,1,194,194,122,2,2,2,56,37,49,1,3,14,194,194,194,2,20,2,104,101,146,2,2,2,194,75,132,2,2,2,146,194,194,1,1,1,103,132,132,2,1,2,146,126,194,1,2,2,194,194,194,2,2,2,146,146,119,1,1,2,96,194,194,2,2,14,83,146,194,108,68,146,2,2,10,61,115,146,2,2,2,81,124,132,1,1,1,94,117,127,1,1,1,64,105,77,1,1,1,194,194,194,194,194,146,88,91,8,43,45,1,1,1,194,194,194,132,194,146,80,55,107,70,146,26,194,194,194,194,194,194,194,194,194,84,102,123,2,2,2,14,14,17,146,59,30,35,14,73,78,64,146,22,50,43,146,146,194,30,39,48,99,194,88,36,73,52,67,91,106,54,24,62,132,68,132,42,78,76,132,64,119,194,194,194,194,194,194,194,194,194,194,194,194,2,2,20,1,1,2,194,194,194,194,194,194,194,194,194,194,194,194,194,194,194,194,194,194,194,194,194,194,194,194,194,194,194,194,194,194
10,1,1,1,1,1,1,1,1,1,1,1,1,1,1,1,1,1,1,1,1,1,1,1,1,1,1,1,1,1,1,1,1,1,1,1,1,1,1,1,1,1,1,1,1,1,1,1,1,1,1,1,1,1,1,1,1,1,1,1,1,1,1,1,1,1,1,1,1,1,1,1,1,1,1,1,1,1,1,1,1,1,1,1,1,1,1,1,1,1,1,1,1,1,1,1,1,1,1,1,1,1,1,1,1,1,1,1,1,1,1,1,1,1,1,1,1,1,1,1,1,1,1,1,1,1,1,1,1,1,1,1,1,1,1,1,1,1,2,1,1,1,1,1,1,1,1,1,1,1,1,1,1,1,2,2,2,36,43,60,2,46,32,99,127,121,2,2,2,132,206,142,2,27,8,75,89,116,1,2,2,117,67,142,13,27,38,2,2,2,8,2,22,79,68,52,2,13,8,34,60,38,2,2,8,43,30,81,2,2,2,91,13,95,2,5,2,1,2,2,46,52,84,71,96,206,77,113,43,49,98,96,206,206,206,1,2,2,142,206,206,2,2,2,129,146,206,1,2,2,37,94,108,1,1,2,206,206,206,2,2,22,103,84,69,2,22,8,157,142,206,2,64,22,130,93,142,2,1,2,157,157,63,2,2,30,206,108,206,1,1,1,115,131,135,2,2,2,138,157,206,1,2,2,206,206,206,17,2,22,157,135,206,1,2,2,165,206,157,17,2,27,157,108,206,72,76,206,1,2,2,87,108,123,1,2,2,118,135,157,1,1,1,113,128,206,1,1,1,82,77,56,2,2,2,206,206,206,157,206,108,157,157,17,56,13,2,1,1,206,206,206,149,206,206,52,60,105,43,206,56,206,206,206,157,206,206,206,206,206,149,74,125,2,2,2,2,8,4,146,100,58,27,32,40,122,52,142,43,34,69,206,138,133,103,102,64,135,149,157,48,49,92,90,100,120,66,60,80,126,118,124,73,84,87,157,112,108,206,206,206,206,206,206,206,206,206,206,206,206,1,3,17,1,1,1,206,206,206,206,206,206,206,206,206,206,206,206,206,206,206,206,206,206,2,27,86,206,206,206,206,206,206,206,206,206
12,1,1,1,1,1,1,1,1,1,1,1,1,1,1,1,1,1,1,1,1,1,1,1,1,1,1,1,1,1,1,1,1,1,1,1,1,1,1,1,1,1,1,1,1,1,1,1,1,1,1,1,1,1,1,1,1,1,1,2,1,1,1,1,1,1,1,1,1,1,1,1,1,1,1,1,1,1,1,1,1,1,1,1,1,1,1,1,1,1,1,1,1,1,1,1,1,1,1,1,1,1,1,1,1,1,1,1,1,1,1,1,1,1,1,1,1,1,1,1,1,1,1,1,1,2,1,1,1,1,1,1,1,1,1,1,1,2,2,1,2,1,1,1,2,1,1,1,1,1,1,1,1,1,2,2,2,82,48,48,2,2,16,78,149,110,1,2,2,109,117,170,4,2,29,79,104,129,16,2,16,57,100,111,2,52,42,1,1,2,2,2,3,96,2,83,2,33,2,2,42,42,2,2,33,10,45,81,2,2,5,91,66,104,2,2,10,2,2,2,93,57,55,211,160,160,79,55,139,60,98,211,211,211,211,2,10,37,74,86,170,1,2,25,129,70,160,2,2,2,131,87,170,2,2,2,160,160,211,2,2,16,106,59,133,2,37,21,170,149,211,16,2,39,117,125,113,2,2,2,149,137,142,2,10,29,160,149,160,1,1,2,122,90,120,1,2,2,149,107,160,1,2,2,211,211,211,2,2,21,170,142,211,25,7,76,211,211,211,21,2,29,211,149,211,70,113,97,1,2,2,127,134,160,2,2,2,113,142,211,2,1,1,149,170,142,1,1,1,65,72,123,1,2,1,211,211,211,211,211,211,149,87,7,33,25,1,1,1,211,211,211,76,149,119,63,61,126,50,211,63,211,211,170,98,211,113,211,211,211,101,92,132,2,1,2,16,45,31,138,102,68,72,42,85,54,136,107,2,7,48,160,149,211,50,83,53,142,211,135,16,36,39,74,121,102,25,61,33,129,124,94,66,68,89,95,116,160,211,211,211,211,211,211,211,211,211,211,211,211,1,1,21,1,1,2,211,211,211,211,211,211,211,211,211,211,211,211,211,211,211,211,211,211,211,160,211,211,211,211,211,211,211,211,211,211
16,1,1,1,1,1,1,1,1,1,1,1,1,1,1,1,1,1,1,1,1,1,1,1,1,1,1,1,1,1,1,1,1,1,1,1,1,1,1,1,1,1,1,1,1,1,1,1,1,1,1,1,1,1,1,1,1,1,1,1,1,1,1,1,1,1,1,1,1,1,1,1,1,1,1,1,1,1,1,1,1,1,1,1,1,1,1,1,1,1,1,1,1,1,1,1,1,1,1,1,1,1,1,1,1,1,1,1,1,1,1,1,1,1,1,1,1,1,1,1,1,1,1,1,1,1,1,1,1,1,1,1,1,1,1,1,1,2,2,1,1,1,1,1,2,1,1,1,1,1,1,1,1,1,1,2,2,38,99,92,2,2,11,105,98,80,2,2,2,200,200,142,2,23,28,96,111,103,1,2,2,100,123,152,15,46,31,1,1,2,3,9,2,57,23,72,2,2,2,20,88,36,2,2,2,34,51,132,1,1,2,105,40,119,2,2,23,1,2,2,86,114,44,42,136,200,51,54,86,34,49,200,200,200,200,1,1,2,55,59,94,2,2,18,136,106,152,1,2,2,78,67,124,2,2,2,200,200,200,3,2,63,32,46,116,2,6,15,200,200,200,2,66,15,107,63,117,2,1,2,152,111,132,2,11,18,152,200,200,1,1,2,132,126,142,2,1,2,136,136,142,1,2,2,200,200,200,9,2,6,200,146,200,2,2,2,89,152,200,2,6,15,146,200,152,72,54,111,2,2,3,75,122,121,2,1,2,108,128,125,1,1,1,152,146,200,1,1,1,43,69,60,2,2,2,200,200,200,200,200,200,142,142,23,84,18,2,1,1,200,200,200,136,200,111,36,66,87,63,132,81,200,200,200,200,200,200,200,200,200,93,95,115,11,1,2,3,2,2,101,49,75,30,57,84,28,102,41,40,28,79,200,200,152,47,70,120,127,91,200,36,77,73,76,82,113,58,23,28,129,98,152,52,91,63,142,68,118,200,200,200,200,200,200,200,200,200,200,200,200,2,2,2,1,1,1,200,200,200,200,200,200,200,200,200,200,200,200,200,200,200,200,200,200,200,200,200,200,200,200,200,200,200,200,200,200
18,1,1,1,1,1,1,1,1,1,1,1,1,1,1,1,1,1,1,1,1,1,1,1,1,1,1,1,1,1,1,1,1,1,1,1,1,1,1,1,1,1,1,1,1,1,1,1,1,1,1,1,1,1,1,1,1,1,1,2,1,1,1,1,1,1,1,1,1,1,1,1,1,1,1,1,1,1,1,1,1,1,1,1,1,1,1,1,1,1,1,1,1,1,1,1,1,1,1,1,1,1,1,1,1,1,1,1,1,1,1,1,1,1,1,1,1,1,1,1,1,1,1,1,1,1,1,1,1,1,1,1,1,1,1,1,2,2,2,1,1,1,1,1,2,1,1,1,1,1,1,1,1,1,1,2,2,3,72,98,4,7,21,80,122,105,2,2,7,125,135,156,2,2,26,112,120,89,2,2,11,137,114,145,2,30,2,1,2,2,2,2,37,69,7,52,2,15,58,26,39,102,2,2,2,43,54,94,2,2,2,55,42,128,1,2,1,17,39,62,32,55,62,100,145,203,75,130,108,203,65,145,203,203,203,2,2,2,39,123,94,7,2,2,85,113,203,2,2,2,46,70,117,2,2,2,203,203,203,2,2,13,125,88,39,2,17,35,156,156,203,2,26,11,79,121,94,2,2,2,203,145,134,14,49,2,203,156,203,1,1,1,98,115,145,2,2,2,92,124,145,1,2,4,203,203,203,2,2,2,156,94,203,1,1,1,203,203,203,2,11,17,203,145,203,57,66,97,1,2,1,116,145,145,1,2,2,110,156,145,1,1,2,87,156,145,1,1,1,68,77,71,1,2,1,203,203,203,203,203,203,119,100,32,73,43,1,1,1,203,203,203,117,145,203,64,127,107,52,132,59,203,203,203,203,203,203,203,203,203,131,111,156,2,2,30,21,2,46,106,60,109,46,75,35,82,86,90,2,26,35,203,203,203,67,91,46,156,104,145,21,26,21,61,84,75,17,30,50,138,129,83,77,81,51,133,103,136,203,203,203,203,203,203,203,203,203,203,203,203,1,2,2,1,1,1,203,203,203,203,203,203,203,203,203,203,203,203,203,203,203,203,203,203,203,203,203,203,203,203,203,203,203,203,203,203
14,1,1,1,1,1,1,1,1,1,1,1,1,1,1,1,1,1,1,1,1,1,1,1,1,1,1,1,1,1,1,1,1,1,1,1,1,1,1,1,1,1,1,1,1,1,1,1,1,1,1,1,1,1,1,1,1,1,1,1,1,1,1,1,1,1,1,1,1,1,1,1,1,1,1,1,1,1,1,1,1,1,1,1,1,1,1,1,1,1,1,1,1,1,1,1,1,1,1,1,1,1,1,1,1,1,1,1,1,1,1,1,1,1,1,1,1,1,1,1,1,1,1,1,1,1,1,1,1,1,1,1,1,1,1,1,1,2,2,1,1,1,1,1,2,1,1,1,1,1,1,1,1,1,1,2,1,18,26,42,2,2,59,85,80,118,2,36,5,130,61,95,2,14,11,77,122,87,1,2,2,76,29,125,45,7,2,1,1,2,2,2,11,53,2,56,2,2,2,2,32,16,2,2,2,82,75,74,2,2,11,24,34,83,2,2,2,2,2,2,28,28,40,67,65,102,40,31,72,195,67,150,195,195,195,1,1,2,43,150,87,2,2,2,111,130,138,1,1,2,92,41,105,1,1,2,130,195,150,2,2,2,103,100,98,2,2,2,195,144,144,2,2,2,49,134,98,2,1,3,104,134,107,2,2,2,195,195,195,1,2,1,115,114,150,1,1,2,93,96,138,1,2,2,195,195,195,2,3,2,155,195,138,1,2,2,110,116,195,2,2,7,150,150,95,90,69,109,2,1,2,138,81,98,2,2,2,155,112,121,1,1,2,109,88,130,1,1,1,36,70,24,1,2,2,195,195,195,130,195,150,102,150,18,51,54,1,1,1,195,195,195,119,195,138,36,79,61,31,195,57,195,195,195,195,195,118,195,195,195,130,47,120,2,1,2,5,7,18,195,74,91,47,59,34,89,51,126,44,56,62,138,195,195,67,63,65,144,195,144,14,24,24,52,38,84,11,20,21,195,124,123,47,78,71,113,106,138,195,195,195,195,195,195,195,195,195,195,195,195,2,2,14,1,1,2,195,195,195,195,195,195,195,195,195,195,195,195,195,195,195,195,195,195,195,195,195,195,195,195,195,195,195,195,195,195
13,1,1,1,1,1,1,1,1,1,1,1,1,1,1,1,1,1,1,1,1,1,1,1,1,1,1,1,1,1,1,1,1,1,1,1,1,1,1,1,1,1,1,1,1,1,1,1,1,1,1,1,1,1,1,1,1,1,1,1,1,1,1,1,1,1,1,1,1,1,1,1,1,1,1,1,1,1,1,1,1,1,1,1,1,1,1,1,1,1,1,1,1,1,1,1,1,1,1,1,1,1,1,1,1,1,1,1,1,1,1,1,1,1,1,1,1,1,1,1,1,1,1,1,1,1,1,1,1,1,1,1,1,1,1,1,1,2,2,1,1,2,1,1,1,1,1,1,1,1,1,1,1,1,1,2,2,29,40,72,15,2,10,100,75,122,2,2,24,133,82,150,2,10,6,88,77,87,2,2,2,81,123,115,2,2,35,1,2,1,2,3,19,55,2,48,2,2,22,32,37,64,2,2,15,63,43,69,1,1,2,44,29,133,2,2,2,2,2,2,52,40,100,56,110,126,48,102,109,65,77,197,197,197,197,2,2,2,121,58,133,2,2,2,80,105,150,2,2,2,40,32,150,2,2,2,150,197,197,1,2,15,89,70,112,2,10,2,197,150,197,19,2,2,125,116,74,2,1,2,118,57,94,2,3,15,133,197,158,1,1,2,66,150,158,2,1,1,97,141,150,2,2,2,197,197,197,2,2,2,150,197,197,2,2,2,133,197,197,6,2,19,133,150,150,79,102,114,1,2,6,94,82,141,2,2,2,133,104,133,1,1,1,85,133,117,1,1,1,47,91,58,1,1,2,197,197,197,197,197,197,133,67,26,32,22,1,1,1,197,197,197,197,150,89,53,61,98,45,133,50,150,197,150,197,197,133,197,197,197,92,84,124,2,2,2,1,2,2,108,92,85,45,10,27,107,111,54,3,2,35,197,197,197,62,105,73,113,119,150,15,34,37,98,68,75,19,24,27,141,120,133,60,71,40,141,96,197,197,197,197,197,197,197,197,197,197,197,197,197,1,2,2,1,1,2,197,197,197,197,197,197,197,197,197,197,197,197,197,197,197,197,197,197,2,6,50,197,197,197,197,197,197,197,197,197
19,1,1,1,1,1,1,1,1,1,1,1,1,1,1,1,1,1,1,1,1,1,1,1,1,1,1,1,1,1,1,1,1,1,1,1,1,1,1,1,1,1,1,1,1,1,1,1,1,1,1,1,1,1,1,1,1,1,1,1,2,1,1,1,1,1,1,1,1,1,1,1,1,1,1,1,1,1,1,1,1,1,1,1,1,1,1,1,1,1,1,1,1,1,1,1,1,1,1,1,1,1,1,1,1,1,1,1,1,1,1,1,1,1,1,1,1,1,1,1,1,1,1,1,1,1,1,1,1,1,1,1,1,1,1,1,1,2,1,1,1,1,1,1,1,1,1,1,1,1,1,1,1,1,1,2,2,30,37,89,2,2,13,69,71,119,2,2,2,135,108,198,8,30,34,86,84,117,2,1,2,62,124,151,5,18,37,1,2,1,2,2,3,56,2,108,2,18,24,2,75,46,2,2,24,24,130,104,27,2,10,110,40,37,1,2,2,2,2,2,95,46,46,99,77,72,48,52,71,80,101,198,198,198,198,1,1,1,123,94,130,2,2,2,91,76,140,1,2,2,125,42,135,1,2,2,198,130,198,2,2,2,37,42,116,10,5,28,151,151,198,1,2,50,73,39,140,2,2,2,66,140,151,2,2,8,198,140,198,1,1,2,120,198,198,1,2,2,143,88,130,2,2,13,198,198,198,2,2,2,151,198,151,2,2,2,110,198,198,2,2,13,121,151,135,61,83,64,1,2,18,115,91,143,2,3,2,104,137,106,2,1,2,99,113,151,1,1,1,52,96,56,1,2,1,198,198,198,130,198,198,151,65,2,18,2,1,1,1,198,198,198,151,198,198,58,60,81,68,151,56,198,130,198,114,198,130,198,198,198,100,74,151,2,2,2,2,2,2,80,52,82,68,24,34,44,59,122,5,24,13,151,198,198,50,92,32,110,198,130,78,18,30,94,88,105,18,24,44,102,113,198,64,54,85,118,97,198,198,198,198,198,198,198,198,198,198,198,198,198,1,2,2,1,1,2,198,198,198,198,198,198,198,198,198,198,198,198,198,198,198,198,198,198,198,151,198,198,198,198,198,198,198,198,198,198
15,1,1,1,1,1,2,1,1,1,1,1,1,1,1,1,1,1,1,1,1,1,1,1,1,1,1,1,1,1,1,1,1,1,1,1,1,1,1,1,1,1,1,1,1,1,1,1,1,1,1,1,1,1,1,1,1,1,1,1,1,1,1,1,1,1,1,1,1,1,1,1,1,1,1,1,1,1,1,1,1,1,1,1,1,1,1,1,1,1,1,1,1,1,1,1,1,1,1,1,1,1,1,1,1,1,1,1,1,1,1,1,1,1,1,1,1,1,1,1,1,1,1,1,1,1,1,1,1,1,1,1,1,1,1,1,1,2,2,1,1,1,1,1,2,1,1,1,1,1,1,1,1,1,2,2,2,21,34,77,2,9,2,57,111,135,2,2,2,188,135,127,2,2,2,105,109,120,2,1,13,81,73,135,48,39,19,1,1,2,2,2,2,44,2,57,2,2,2,2,26,36,2,2,15,16,31,50,1,2,2,135,44,39,2,2,2,2,2,16,31,101,53,135,65,127,95,53,83,47,69,188,188,188,188,1,2,2,123,71,188,2,2,7,127,57,188,2,2,2,120,122,33,1,2,2,188,188,188,2,2,4,91,102,90,2,57,21,135,188,188,2,4,2,100,108,127,2,2,2,63,85,117,46,2,2,85,188,135,1,1,2,114,135,188,2,2,2,95,115,188,2,2,7,188,188,188,2,3,9,188,188,188,1,2,2,188,188,188,2,2,11,188,188,188,70,110,72,2,1,1,93,89,135,2,2,2,116,104,188,1,1,2,68,127,123,2,1,1,61,118,79,1,1,2,188,188,188,188,188,188,107,65,13,55,23,1,1,1,188,188,188,135,188,188,41,98,105,31,188,36,188,188,188,188,188,188,188,188,188,92,60,188,1,2,2,2,2,7,77,44,81,19,26,52,74,88,93,26,26,67,188,98,188,29,79,41,63,188,188,11,19,26,98,84,38,50,48,76,119,102,87,62,74,34,113,112,135,188,188,188,188,188,188,188,188,188,188,188,188,2,2,2,1,1,1,188,188,188,188,188,188,188,188,188,188,188,188,188,188,188,188,188,188,188,188,188,188,188,188,188,188,188,188,188,188
20,1,1,1,1,1,1,1,1,1,1,1,1,1,1,1,1,1,1,1,1,1,1,1,1,1,1,1,1,1,1,1,1,1,1,1,1,1,1,1,1,1,1,1,1,1,1,2,1,1,1,1,1,1,1,1,1,1,1,1,1,1,1,1,1,1,1,1,1,1,1,1,1,1,1,1,1,1,1,1,1,1,1,1,1,1,1,1,1,1,1,1,1,1,1,1,1,1,1,1,1,1,1,1,1,1,1,1,1,1,1,1,1,1,1,1,1,1,1,1,1,1,1,1,1,1,1,1,1,1,1,1,1,1,1,1,1,2,2,1,1,1,1,1,1,1,1,1,1,1,1,1,1,1,1,2,2,11,14,34,2,42,8,82,104,134,2,2,2,55,145,104,2,2,25,66,100,63,1,2,2,71,120,96,2,50,2,2,2,2,2,19,47,42,2,72,2,2,2,2,93,34,2,2,19,25,38,40,2,2,3,47,34,123,2,2,2,1,2,2,38,74,98,118,117,109,85,31,81,47,84,134,193,193,193,2,2,2,29,74,87,2,2,14,114,115,123,2,2,2,99,96,96,2,2,2,193,193,145,2,2,14,50,44,75,2,19,27,145,134,193,2,2,2,114,56,52,2,2,5,145,42,193,14,8,27,134,134,145,1,2,2,104,104,145,2,1,2,77,145,110,1,2,2,193,193,145,2,2,2,193,134,193,1,2,8,134,145,193,2,2,3,145,193,145,52,88,89,2,2,2,127,119,134,1,2,2,94,117,134,1,2,2,69,123,193,1,1,1,52,39,55,1,1,2,193,193,193,193,193,193,104,193,2,31,23,1,1,1,193,193,193,145,193,134,63,104,77,63,193,111,193,193,193,193,193,193,193,193,193,91,87,123,2,2,2,2,5,11,127,79,68,23,65,21,84,90,104,2,2,8,193,193,193,28,81,60,77,145,193,2,14,34,70,58,36,59,19,45,112,109,127,58,67,61,123,93,193,193,193,193,193,193,193,193,193,193,193,193,193,1,2,2,1,1,2,193,193,193,193,193,193,193,193,193,193,193,193,193,193,193,193,193,193,193,193,193,193,193,193,193,193,193,193,193,193
17,1,1,1,1,1,1,1,1,1,1,1,1,1,1,1,1,1,1,1,1,1,1,1,1,1,1,1,1,1,1,1,1,1,1,1,1,1,1,1,1,1,1,1,1,1,1,1,1,1,1,1,1,1,1,1,1,1,1,1,1,1,1,1,1,1,1,1,1,1,1,1,1,1,1,1,1,1,1,1,1,1,1,1,1,1,1,1,1,1,1,1,1,1,1,1,1,1,1,1,1,1,1,1,1,1,1,1,1,1,1,1,1,1,1,1,1,1,1,1,1,1,1,1,1,1,1,1,1,1,1,1,1,1,1,1,1,2,2,1,1,1,2,1,2,1,1,1,1,1,1,1,1,1,1,2,2,29,60,45,2,2,15,100,102,112,41,50,25,151,144,162,7,78,29,106,71,127,1,2,2,110,139,92,15,27,36,1,2,1,2,2,2,63,82,67,2,2,21,67,63,136,2,2,2,4,45,151,2,2,10,36,129,90,2,2,2,1,2,25,63,87,45,123,151,124,55,76,88,74,88,162,210,210,210,1,2,2,42,210,210,2,2,21,119,125,162,2,2,2,56,50,80,1,2,1,210,210,210,2,2,2,96,117,131,2,10,36,162,210,210,3,38,15,109,53,94,2,2,21,151,210,103,12,2,25,93,210,210,2,2,4,122,151,128,2,2,21,100,91,162,2,21,18,162,210,210,15,7,32,95,144,210,1,2,2,162,210,210,12,2,65,162,210,210,103,134,137,1,2,2,141,138,144,1,2,2,115,121,151,1,1,1,107,135,151,1,1,1,105,98,74,1,1,1,210,210,210,151,210,210,119,99,2,29,32,1,1,1,210,210,210,140,210,162,53,116,66,80,210,52,210,210,210,210,210,210,210,210,210,113,108,132,2,2,2,2,7,2,118,58,84,10,40,49,86,85,130,69,32,38,151,162,210,71,111,70,113,210,162,32,43,96,73,61,83,47,80,56,151,125,144,58,47,76,210,133,162,210,210,210,210,210,210,210,210,144,210,210,210,2,2,2,1,2,2,210,210,210,210,210,210,210,210,210,210,210,210,210,210,210,210,210,210,210,210,210,210,210,210,210,210,210,210,210,210
